Filename,Model,N,Num.Codons,w1,p1,w2,p2,w3,p3,SRV1,SRV_p1,SRV2,SRV_p2,SRV3,SRV_p3,DH,TH,TH_SI,cAIC,LRT,pvalue,Dataset,delta w3,delta p3,pct.chg. w3,pct.chg. p3,delta cAIC (best model),Relative support
accD_hyphy_NT.fas,BUSTEDS,42,646,0.0,0.003,0.4016,0.9953,95.4793,0.0017,0.2081,0.258,0.9597,0.5865,2.4672,2.4672,,,,25105.16174281088,32.590647,0.0,Chloroplast,,,,,,
accD_hyphy_NT.fas,BUSTEDS-MH,42,646,0.0,0.3185,0.6049,0.6801,69.7145,0.0014,0.1846,0.2284,0.9007,0.5871,2.3261,2.3261,0.0,0.0,14.48876668484304,25042.70870856923,16.597254,0.000124,Chloroplast,-25.764799999999994,-0.0002999999999999999,-0.2698469720661965,-0.17647058823529407,62.45303424165104,2.7447065920078606e-14
atp1_hyphy_NT.fas,BUSTEDS,38,530,0.0,0.0159,0.1339,0.982,211.9579,0.0021,0.0,0.2211,0.8105,0.6857,4.7687,4.7687,,,,13670.68497877522,76.555236,0.0,Mitochondrial,,,,,,
atp1_hyphy_NT.fas,BUSTEDS-MH,38,530,0.1171,0.6738,0.1283,0.3262,1.0021,0.0,0.5199,0.8449,3.2042,0.1475,11.6304,11.6304,0.1547876585402668,0.1917481952654751,0.4624844894552335,13579.75363252405,0.0,0.5,Mitochondrial,-210.95579999999998,-0.0021,-0.995272174332733,-1.0,90.93134625116909,1.7968385045686093e-20
atp4_hyphy_NT.fas,BUSTEDS,37,225,0.3028,0.1254,0.3075,0.8238,20.3829,0.0508,0.124,0.5496,1.6674,0.4168,7.0417,7.0417,,,,5408.073251902309,73.835389,0.0,Mitochondrial,,,,,,
atp4_hyphy_NT.fas,BUSTEDS-MH,37,225,0.2017,0.6409,0.4579,0.2893,12.4545,0.0698,0.0485,0.382,0.8135,0.4241,3.2819,3.2819,0.004292200335804621,0.178862155888676,0.0,5342.872885998671,9.981916,0.0034,Mitochondrial,-7.9284,0.019000000000000003,-0.38897310981263705,0.3740157480314961,65.20036590363725,6.948969971767222e-15
atp6_hyphy_NT.fas,BUSTEDS,38,257,0.3967,0.9944,0.3978,0.0027,42.0594,0.0029,0.2284,0.6695,1.8665,0.2849,6.9192,6.9192,,,,5877.846050974672,8.180831,0.008366,Mitochondrial,,,,,,
atp6_hyphy_NT.fas,BUSTEDS-MH,38,257,0.396,0.5316,0.3974,0.4684,2.8131,0.0,0.2632,0.6809,1.8796,0.2721,6.5882,6.5882,0.025440466235988,0.02603104883372811,0.0,5873.213405259468,0.0,0.5,Mitochondrial,-39.2463,-0.0029,-0.9331160216265567,-1.0,4.63264571520358,0.09863561678478305
atp8_hyphy_NT.fas,BUSTEDS,38,182,0.0,0.0051,0.4818,0.9863,327.0758,0.0086,0.0036,0.2084,0.8514,0.6661,3.4423,3.4423,,,,4412.558045440011,54.460128,0.0,Mitochondrial,,,,,,
atp8_hyphy_NT.fas,BUSTEDS-MH,38,182,0.402,0.5756,0.5238,0.2888,1.4107,0.1356,0.4636,0.7127,2.3302,0.2803,2.3338,2.3338,0.1472008622773064,0.3013504458014597,4.919089809648561,4347.005321421419,-0.298849,0.5,Mitochondrial,-325.6651,0.127,-0.9956869325092226,14.767441860465116,65.55272401859202,5.826487814374482e-15
atp9_hyphy_NT.fas,BUSTEDS,38,77,0.0552,1.0,0.0828,0.0,1.0023,0.0,0.0528,0.2897,1.2475,0.6856,5.2313,5.2313,,,,2307.238675989303,0.0,0.5,Mitochondrial,,,,,6.407335012273961,0.04061298214836759
atp9_hyphy_NT.fas,BUSTEDS-MH,38,77,0.0356,0.647,0.0921,0.353,1.0887,0.0,0.053,0.2898,1.2475,0.6856,5.2671,5.2671,0.0,0.0,0.0,2313.646011001577,0.0,0.5,Mitochondrial,0.08640000000000003,0.0,0.08620173600718352,,,
atpA_hyphy_NT.fas,BUSTEDS,42,507,0.0,0.0987,0.0397,0.8887,1.0,0.0125,0.5118,0.6702,1.7064,0.3174,9.326,9.326,,,,15290.99688286865,0.0,0.5,Chloroplast,,,,,2.3410488843001076,0.3102042144336366
atpA_hyphy_NT.fas,BUSTEDS-MH,42,507,0.0,0.0009,0.0396,0.995,1.9677,0.0041,0.5089,0.6659,1.6913,0.321,9.0265,9.0265,0.0,0.0,3.715238694346079,15293.33793175295,0.106741,0.474014,Chloroplast,0.9677,-0.008400000000000001,0.9677,-0.672,,
atpB_hyphy_NT.fas,BUSTEDS,42,498,0.0443,0.2207,0.0445,0.7511,1.0,0.0282,0.0,0.0408,0.7893,0.8161,2.4862,2.4862,,,,14183.01793230351,0.0,0.5,Chloroplast,,,,,2.1473223317807424,0.341755002398035
atpB_hyphy_NT.fas,BUSTEDS-MH,42,498,0.0134,0.7876,0.2738,0.2124,1.0016,0.0,0.0,0.0366,0.7752,0.8136,2.4663,2.4663,0.008763385803588639,0.04833654176132757,16.13905897201891,14185.16525463529,0.0,0.5,Chloroplast,0.0016000000000000458,-0.0282,0.0016000000000000458,-1.0,,
atpE_hyphy_NT.fas,BUSTEDS,42,133,0.0,0.5412,0.3446,0.4588,1.0015,0.0,0.5181,0.6404,1.7571,0.3495,5.3559,5.3559,,,,4335.88902757294,0.0,0.5,Chloroplast,,,,,7.226990398893577,0.026957460312153337
atpE_hyphy_NT.fas,BUSTEDS-MH,42,133,0.0797,0.745,0.3896,0.255,1.0023,0.0,0.5487,0.38,0.5528,0.3026,1.9668,1.9668,0.0,0.0,0.0,4343.116017971834,0.0,0.5,Chloroplast,0.0007999999999999119,0.0,0.000798801797303956,,,
atpF_hyphy_NT.fas,BUSTEDS,42,197,0.2187,0.7912,0.2464,0.2007,2.2796,0.008,0.1443,0.2906,1.034,0.6214,3.5829,3.5829,,,,6942.752527411732,0.11795,0.471365,Chloroplast,,,,,8.099396098777106,0.017427636130484
atpF_hyphy_NT.fas,BUSTEDS-MH,42,197,0.2188,0.0053,0.2246,0.9865,2.2627,0.0082,0.1446,0.291,1.0347,0.621,3.5845,3.5845,0.0,0.0,0.0,6950.85192351051,0.116283,0.471758,Chloroplast,-0.016899999999999693,0.00020000000000000052,-0.007413581330057771,0.025000000000000064,,
atpH_hyphy_NT.fas,BUSTEDS,42,81,0.0026,0.9978,0.0026,0.0015,450.5623,0.0007,0.3291,0.5477,1.7836,0.0,1.8125,1.8125,,,,1948.300584179405,1.753698,0.208046,Chloroplast,,,,,6.71690765081803,0.034789007260962825
atpH_hyphy_NT.fas,BUSTEDS-MH,42,81,0.0025,0.9954,0.0026,0.0039,421.4737,0.0007,0.329,0.5478,1.6867,0.0,1.8131,1.8131,0.0,0.0,0.04537609532255372,1955.017491830223,1.756604,0.207744,Chloroplast,-29.088599999999985,0.0,-0.06456066120045993,0.0,,
atpI_hyphy_NT.fas,BUSTEDS,42,249,0.0112,0.0,0.0896,1.0,1.0016,0.0,0.1754,0.3257,1.2792,0.6468,4.2019,4.2019,,,,7659.814533780625,0.0,0.5,Chloroplast,,,,,6.046093924089291,0.04865274920673725
atpI_hyphy_NT.fas,BUSTEDS-MH,42,249,0.0738,0.9376,0.3345,0.0624,1.8132,0.0,0.1758,0.3263,1.2832,0.6471,4.2255,4.2255,0.0,0.0,0.0,7665.860627704715,0.0,0.5,Chloroplast,0.8115999999999999,0.0,0.8103035143769967,,,
ccmB_hyphy_NT.fas,BUSTEDS,38,206,1.0,0.0023,1.0,0.995,231.2195,0.0027,0.6193,0.2109,0.643,0.6897,4.2845,4.2845,,,,4159.241131011804,31.041354,0.0,Mitochondrial,,,,,,
ccmB_hyphy_NT.fas,BUSTEDS-MH,38,206,1.0,0.9869,1.0,0.011,224.0745,0.0021,0.6461,0.7019,0.6516,0.1996,4.2297,4.2297,0.0,0.09813286987787503,0.0,4135.944334520327,4.460381,0.053754,Mitochondrial,-7.14500000000001,-0.0006000000000000003,-0.03090137293783617,-0.22222222222222232,23.296796491476925,8.733029332399144e-06
ccmC_hyphy_NT.fas,BUSTEDS,38,319,0.0,0.5262,1.0,0.4695,827.9885,0.0043,0.2945,0.6965,1.155,0.2239,6.7336,6.7336,,,,8181.765992747575,63.295761,0.0,Mitochondrial,,,,,,
ccmC_hyphy_NT.fas,BUSTEDS-MH,38,319,0.0,0.3925,0.8094,0.6075,1.0016,0.0,0.3216,0.6056,1.0257,0.2835,4.6382,4.6382,0.1971545419830209,0.6967047378203809,1.647939111698217,8071.581521133344,0.0,0.5,Mitochondrial,-826.9869,-0.0043,-0.9987903213631589,-1.0,110.18447161423137,1.1850754278333367e-24
ccmFc_hyphy_NT.fas,BUSTEDS,38,562,0.0,0.1118,0.7373,0.8806,134.7212,0.0076,0.4503,0.4761,0.4867,0.2427,2.3739,2.3739,,,,12728.00300883131,139.07741,0.0,Mitochondrial,,,,,,
ccmFc_hyphy_NT.fas,BUSTEDS-MH,38,562,0.7174,0.9836,0.7873,0.0036,1.2997,0.0128,0.558,0.6816,0.6624,0.0687,2.3,2.3,0.1635948807560924,0.1964742269734022,0.0,12578.44371948379,-0.001257,0.5,Mitochondrial,-133.4215,0.005200000000000001,-0.9903526690676746,0.6842105263157896,149.55928934752046,3.338973401904933e-33
ccmFn_hyphy_NT.fas,BUSTEDS,38,669,0.0,0.5111,1.0,0.4747,88.6039,0.0142,0.1875,0.6324,1.2537,0.3002,7.4862,7.4862,,,,16744.5989701518,231.471757,0.0,Mitochondrial,,,,,,
ccmFn_hyphy_NT.fas,BUSTEDS-MH,38,669,0.0081,0.1356,0.0094,0.6033,3.2396,0.2612,0.2388,0.5633,1.0866,0.3591,6.1306,6.1306,0.1272175020133793,0.38152463348827,8.00975546624829,16389.26165440368,20.172894,2.1e-05,Mitochondrial,-85.3643,0.247,-0.9634372753343815,17.394366197183096,355.3373157481219,6.91006731544054e-78
ccsA_hyphy_NT.fas,BUSTEDS,41,360,0.0,0.0038,0.319,0.9927,75.2874,0.0035,0.0454,0.0967,0.7087,0.6586,2.1615,2.1615,,,,19015.19950406107,71.288997,0.0,Chloroplast,,,,,,
ccsA_hyphy_NT.fas,BUSTEDS-MH,41,360,0.0,0.0025,0.3211,0.9945,95.7039,0.003,0.0448,0.096,0.7075,0.659,2.1607,2.1607,0.0,0.0,1.956132580641044,18949.00155564391,29.477936,0.0,Chloroplast,20.4165,-0.0005,0.2711808350401262,-0.14285714285714285,66.19794841716066,4.21986098824153e-15
clpP_hyphy_NT.fas,BUSTEDS,42,207,0.0218,0.546,0.6304,0.454,1.0023,0.0,0.2695,0.4083,1.3956,0.5512,2.9796,2.9796,,,,7682.457531679556,0.0,0.5,Chloroplast,,,,,2.6111007481549677,0.2710233297749081
clpP_hyphy_NT.fas,BUSTEDS-MH,42,207,0.0035,0.4668,0.5486,0.5332,1.0023,0.0,0.2803,0.4195,1.4134,0.5423,3.0369,3.0369,0.0,0.05213804846805716,50.3579799564022,7685.068632427711,0.0,0.5,Chloroplast,0.0,0.0,0.0,,,
cob_hyphy_NT.fas,BUSTEDS,38,408,0.0609,0.1489,0.061,0.7602,2.7869,0.0908,0.1594,0.772,1.5621,0.1764,11.6562,11.6562,,,,7734.425526280846,6.574052,0.018682,Mitochondrial,,,,,,
cob_hyphy_NT.fas,BUSTEDS-MH,38,408,0.1861,1.0,0.2226,0.0,1.0023,0.0,0.2288,0.7558,1.7707,0.1968,10.0966,10.0966,0.1829614036203439,0.8697317546518147,4.624268447678164,7697.290593388278,0.0,0.5,Mitochondrial,-1.7846000000000002,-0.0908,-0.6403530804836916,-1.0,37.13493289256803,8.634789991269327e-09
cox1_hyphy_NT.fas,BUSTEDS,38,530,0.1537,0.9973,0.1562,0.0015,148.6073,0.0012,0.4775,0.3942,0.5166,0.4895,4.8057,4.8057,,,,8916.984622703121,25.152685,2e-06,Mitochondrial,,,,,,
cox1_hyphy_NT.fas,BUSTEDS-MH,38,530,0.1555,0.5314,0.1582,0.4686,1.0015,0.0,0.4991,0.8725,4.3908,0.0,4.4276,4.4276,0.07614512838724123,0.1085811133432769,0.0,8891.752432848278,0.0,0.5,Mitochondrial,-147.60580000000002,-0.0012,-0.9932607617526192,-1.0,25.232189854843455,3.3181773145908024e-06
cox2_hyphy_NT.fas,BUSTEDS,38,502,0.2672,0.9655,0.2715,0.0206,32.209,0.0139,0.0166,0.6142,0.1968,0.1354,3.8468,3.8468,,,,14337.33505435779,54.631679,0.0,Mitochondrial,,,,,,
cox2_hyphy_NT.fas,BUSTEDS-MH,38,502,0.2399,0.0,0.3018,1.0,1.0023,0.0,0.0384,0.6173,0.3486,0.1408,3.8321,3.8321,0.2786791812636583,1.141353568112961,0.0,14204.19653000776,0.0,0.5,Mitochondrial,-31.206700000000005,-0.0139,-0.9688813685615822,-1.0,133.1385243500299,1.2283914162506681e-29
cox3_hyphy_NT.fas,BUSTEDS,38,265,0.0,0.47,0.0,0.3653,1.7197,0.1647,0.2984,0.7841,3.0179,0.2121,33.2965,33.2965,,,,4555.248969099887,0.651422,0.361007,Mitochondrial,,,,,11.255577905675636,0.003596518614881369
cox3_hyphy_NT.fas,BUSTEDS-MH,38,265,0.0592,0.041,0.1901,0.9066,1.7929,0.0524,0.0616,0.3188,0.6628,0.5312,4.1883,4.1883,0.0,0.0,0.0,4566.504547005563,0.034516,0.491445,Mitochondrial,0.07319999999999993,-0.11230000000000001,0.042565563761121084,-0.6818457802064359,,
infA_hyphy_NT.fas,BUSTEDS,40,77,0.1125,0.9254,0.126,0.0709,6.2645,0.0037,0.2734,0.3515,1.3936,0.1156,1.3939,1.3939,,,,2391.428814617574,0.348288,0.420088,Chloroplast,,,,,8.142165799853046,0.01705890541420123
infA_hyphy_NT.fas,BUSTEDS-MH,40,77,0.1147,0.9447,0.1164,0.052,5.6085,0.0033,0.2737,0.3496,1.3793,0.0,1.3904,1.3904,0.01465401721664405,0.0,0.0,2399.570980417427,0.087797,0.478526,Chloroplast,-0.6559999999999997,-0.0004000000000000002,-0.10471705642908448,-0.10810810810810816,,
matK_hyphy_NT.fas,BUSTEDS,42,586,0.0,0.0013,0.4771,0.9975,162.9289,0.0013,0.5535,0.6643,1.4841,0.3222,11.3913,11.3913,,,,33860.82559410117,43.595236,0.0,Chloroplast,,,,,,
matK_hyphy_NT.fas,BUSTEDS-MH,42,586,0.0,0.0033,0.4778,0.9958,232.6437,0.0009,0.5641,0.6617,1.5046,0.3261,11.1821,11.1821,0.02003607638786141,0.0,3.138666041753739,33821.21462790723,16.915124,0.000106,Chloroplast,69.7148,-0.00039999999999999996,0.42788480128448664,-0.30769230769230765,39.610966193933564,2.5037328042583275e-09
matR_hyphy_NT.fas,BUSTEDS,38,712,0.0,0.004,0.4568,0.99,142.9174,0.006,0.2312,0.4193,1.2358,0.5346,5.2544,5.2544,,,,18094.27117590409,176.597005,0.0,Mitochondrial,,,,,,
mttB_hyphy_NT.fas,BUSTEDS,37,325,0.0304,0.2021,0.6481,0.7673,48.8681,0.0306,0.0544,0.725,0.6665,0.1929,10.1344,10.1344,,,,8679.763371092668,86.069853,0.0,Mitochondrial,,,,,,
mttB_hyphy_NT.fas,BUSTEDS-MH,37,325,0.5165,0.9512,0.5202,0.0096,20.0569,0.0392,0.0933,0.7583,0.9044,0.1594,9.5396,9.5396,0.03677751882910894,0.3404578076835277,7.41033795314533,8589.486710589,7.724208,0.010512,Mitochondrial,-28.8112,0.0086,-0.5895707015414964,0.28104575163398693,90.27666050366679,2.4927128316814117e-20
nad1_hyphy_NT.fas,BUSTEDS,38,337,0.0,0.8374,0.0,0.0623,5.5234,0.1002,0.0982,0.4732,0.1016,0.1861,2.7432,2.7432,,,,5530.869138146478,24.599169,2e-06,Mitochondrial,,,,,,
nad1_hyphy_NT.fas,BUSTEDS-MH,38,337,0.0,0.7028,0.0,0.139,2.7556,0.1582,0.1674,0.6959,2.6247,0.0,2.9057,2.9057,0.02066781399413894,0.1942249727866699,0.0,5509.092712052496,0.624569,0.365887,Mitochondrial,-2.7678,0.05800000000000001,-0.501104392222182,0.5788423153692616,21.77642609398208,1.8677087607321684e-05
nad2_hyphy_NT.fas,BUSTEDS,38,536,0.0,0.0502,0.0,0.7529,2.5679,0.1969,0.2411,0.8023,2.1503,0.1699,15.9012,15.9012,,,,9099.051334440535,-4.346352,0.5,Mitochondrial,,,,,,
nad2_hyphy_NT.fas,BUSTEDS-MH,38,536,0.3987,0.3048,0.4033,0.6952,1.0016,0.0,0.1895,0.861,1.8596,0.1209,33.8133,33.8133,0.1011682837809484,0.1288058171947698,0.0,9084.195003925377,0.0,0.5,Mitochondrial,-1.5662999999999998,-0.1969,-0.6099536586315666,-1.0,14.856330515158334,0.0005942768572274399
nad3_hyphy_NT.fas,BUSTEDS,38,118,0.0,0.1618,0.0,0.4166,1.0,0.4217,0.3842,0.7051,2.0453,0.2864,16.8029,16.8029,,,,2344.940918770856,0.0,0.5,Mitochondrial,,,,,8.282168668302802,0.0159055951703447
nad3_hyphy_NT.fas,BUSTEDS-MH,38,118,0.3356,0.0,0.3821,1.0,1.0026,0.0,0.0721,0.1041,0.6337,0.7317,3.2214,3.2214,0.01293075372389631,0.02138679983497016,0.0,2353.223087439159,0.0,0.5,Mitochondrial,0.0025999999999999357,-0.4217,0.0025999999999999357,-1.0,,
nad4L_hyphy_NT.fas,BUSTEDS,38,100,0.0,0.0052,0.2247,0.994,9999999171.5964,0.0008,0.0,0.0,0.2534,0.6404,2.3298,2.3298,,,,1794.828472675974,8.111223,0.008662,Mitochondrial,,,,,0.21078988833710355,0.899969014873736
nad4L_hyphy_NT.fas,BUSTEDS-MH,38,100,0.0,0.0018,0.2237,0.9974,9999999171.5964,0.0008,0.1023,0.262,0.4183,0.4035,2.405,2.405,0.0,0.0,0.0,1795.039262564311,5.13481,0.038367,Mitochondrial,0.0,0.0,0.0,0.0,,
nad4_hyphy_NT.fas,BUSTEDS,38,495,0.2104,0.0082,0.3842,0.9895,46.7419,0.0023,0.0,0.2498,0.9167,0.6914,6.2336,6.2336,,,,8477.59883102496,9.871744,0.003592,Mitochondrial,,,,,,
nad4_hyphy_NT.fas,BUSTEDS-MH,38,495,0.0288,0.1679,0.0926,0.4533,1.0,0.3787,0.2999,0.572,1.3397,0.3813,6.8025,6.8025,0.007227606055742636,0.03260764794720733,0.0,8474.181867158695,0.0,0.5,Mitochondrial,-45.7419,0.37639999999999996,-0.9786059188864809,163.65217391304347,3.4169638662642683,0.18114056749497467
nad5_hyphy_NT.fas,BUSTEDS,38,673,0.1945,0.3192,0.2137,0.6731,25.2828,0.0077,0.1998,0.5873,1.5543,0.3786,8.6377,8.6377,,,,11023.42756239392,34.687561,0.0,Mitochondrial,,,,,,
nad5_hyphy_NT.fas,BUSTEDS-MH,38,673,0.1812,0.0,0.2641,1.0,1.0023,0.0,0.3279,0.6909,1.8745,0.2822,9.0942,9.0942,0.08657318652294296,0.05358074312016593,0.0,10989.01279921222,0.0,0.5,Mitochondrial,-24.280500000000004,-0.0077,-0.9603564478617875,-1.0,34.41476318169953,3.3645665822847554e-08
nad6_hyphy_NT.fas,BUSTEDS,38,276,0.0,0.0691,0.0,0.8882,11.3215,0.0427,0.3323,0.6135,2.0597,0.2588,2.061,2.061,,,,5216.798468367007,9.440782,0.004456,Mitochondrial,,,,,,
nad6_hyphy_NT.fas,BUSTEDS-MH,38,276,0.0,0.8175,0.0,0.0365,1.7557,0.146,0.0,0.0972,0.7411,0.7825,3.493,3.493,0.1285043258917938,0.4798570962652367,0.0,5197.093464393203,0.282912,0.434047,Mitochondrial,-9.5658,0.10329999999999999,-0.8449233758777547,2.4192037470725993,19.705003973804196,5.261538518895347e-05
nad7_hyphy_NT.fas,BUSTEDS,38,394,0.2179,0.0079,0.2237,0.9877,29.6946,0.0044,0.127,0.1559,0.2022,0.5041,2.5831,2.5831,,,,5925.999902402544,6.885659,0.015987,Mitochondrial,,,,,1.6667436943862413,0.43458147077493137
nad7_hyphy_NT.fas,BUSTEDS-MH,38,394,0.1553,0.1357,0.1567,0.7278,1.0,0.1364,0.1862,0.6402,2.2986,0.3544,12.1316,12.1316,0.0513182097382793,0.0,0.0,5927.66664609693,0.0,0.5,Mitochondrial,-28.6946,0.132,-0.9663238433924013,30.0,,
nad9_hyphy_NT.fas,BUSTEDS,38,198,0.0,0.0749,0.0,0.7259,2.2546,0.1992,0.0,0.4938,0.9487,0.3693,4.7434,4.7434,,,,3399.17443351223,2.476739,0.144928,Mitochondrial,,,,,5.471023860562127,0.06486079439859335
nad9_hyphy_NT.fas,BUSTEDS-MH,38,198,0.0,0.6165,0.0,0.1253,1.6519,0.2581,0.0,0.4777,0.9117,0.3852,4.7316,4.7316,0.02335582494104139,0.0,0.0,3404.645457372792,0.300387,0.430271,Mitochondrial,-0.6027,0.05890000000000001,-0.26732014548035127,0.29568273092369485,,
petA_hyphy_NT.fas,BUSTEDS,42,322,0.0794,0.0108,0.0903,0.9834,4.5166,0.0058,0.0124,0.0816,0.7061,0.6378,1.9557,1.9557,,,,10512.50266019983,1.126861,0.284626,Chloroplast,,,,,6.2435433210794145,0.04407900616579347
petA_hyphy_NT.fas,BUSTEDS-MH,42,322,0.0679,0.1365,0.0868,0.8508,2.3487,0.0127,0.0455,0.097,0.7344,0.6388,1.9924,1.9924,0.0,0.0,5.928438318206998,10518.74620352091,0.293269,0.431805,Chloroplast,-2.1679000000000004,0.0069,-0.47998494442722406,1.1896551724137931,,
petB_hyphy_NT.fas,BUSTEDS,42,217,0.0259,1.0,0.1162,0.0,1.0016,0.0,0.0,0.1504,0.8442,0.6281,2.1201,2.1201,,,,5752.644832254433,0.0,0.5,Chloroplast,,,,,6.142148884929156,0.04637130478271194
petB_hyphy_NT.fas,BUSTEDS-MH,42,217,0.0151,0.6332,0.0448,0.3668,1.0926,0.0,0.0,0.1504,0.8442,0.6276,2.1183,2.1183,0.0,0.0,0.0,5758.786981139362,0.0,0.5,Chloroplast,0.09099999999999997,0.0,0.09085463258785939,,,
petD_hyphy_NT.fas,BUSTEDS,42,161,0.0,0.0484,0.0,0.9339,1.816,0.0177,0.4932,0.4663,1.27,0.5089,4.9948,4.9948,,,,4425.319537308904,0.38192,0.413083,Chloroplast,,,,,7.8459027507906285,0.019782622554660727
petD_hyphy_NT.fas,BUSTEDS-MH,42,161,0.0,0.9496,0.0,0.0327,1.8179,0.0177,0.4929,0.4657,1.2697,0.5095,4.997,4.997,0.0,0.0,0.0,4433.165440059694,0.382193,0.413027,Chloroplast,0.0019000000000000128,0.0,0.0010462555066079364,0.0,,
petG_hyphy_NT.fas,BUSTEDS,42,37,0.0569,1.0,0.1262,0.0,1.1563,0.0,0.0,0.0792,0.0,0.0019,1.0882,1.0882,,,,842.4338770962476,0.0,0.5,Chloroplast,,,,,6.905414704948726,0.03165980598985284
petG_hyphy_NT.fas,BUSTEDS-MH,42,37,0.0007,0.0,0.0561,1.0,1.1389,0.0,1.0,1.0,3.8711,0.0,10.4232,10.4232,0.0,0.0,0.001810306755391839,849.3392918011963,0.0,0.5,Chloroplast,-0.017400000000000082,0.0,-0.01504799792441415,,,
petL_hyphy_NT.fas,BUSTEDS,42,31,0.049,0.0474,0.1226,0.9526,1.0016,0.0,0.6345,0.5685,0.6346,0.0351,1.5564,1.5564,,,,1010.212935484554,0.0,0.5,Chloroplast,,,,,6.860441751038934,0.03237978808049628
petL_hyphy_NT.fas,BUSTEDS-MH,42,31,0.1184,0.6112,0.1196,0.3888,1.1849,0.0,0.635,0.6039,1.5565,0.3961,5.8031,5.8031,0.0,0.0,0.0,1017.073377235593,0.0,0.5,Chloroplast,0.18330000000000002,0.0,0.18300718849840256,,,
petN_hyphy_NT.fas,BUSTEDS,42,29,0.0006,0.0,0.029,1.0,1.1362,0.0,0.7495,0.8356,2.2729,0.0948,2.2738,2.2738,,,,754.4741327490524,0.0,0.5,Chloroplast,,,,,6.888725381505083,0.0319251017231405
petN_hyphy_NT.fas,BUSTEDS-MH,42,29,0.0034,0.5936,0.0673,0.4064,1.3925,0.0,0.7479,0.8339,2.2655,0.1661,2.2659,2.2659,0.0,0.0,0.0,761.3628581305575,0.0,0.5,Chloroplast,0.2563,0.0,0.2255764830135539,,,
psaA_hyphy_NT.fas,BUSTEDS,42,750,0.0005,0.0,0.0363,1.0,1.1212,0.0,0.192,0.3275,1.2106,0.6422,5.2612,5.2612,,,,17439.04268441614,0.0,0.5,Chloroplast,,,,,5.955542163719656,0.0509061731988162
psaA_hyphy_NT.fas,BUSTEDS-MH,42,750,0.036,0.9045,0.0387,0.0955,1.0023,0.0,0.1896,0.3248,1.2067,0.6446,5.2472,5.2472,0.0,0.0,0.0,17444.99822657986,0.0,0.5,Chloroplast,-0.1189,0.0,-0.10604709240099894,,,
psaB_hyphy_NT.fas,BUSTEDS,42,736,0.0292,0.4324,0.0357,0.5676,1.0016,0.0,0.4632,0.5346,1.4914,0.4511,5.5661,5.5661,,,,18231.01675857642,0.0,0.5,Chloroplast,,,,,5.527668591828842,0.06304955364899038
psaB_hyphy_NT.fas,BUSTEDS-MH,42,736,0.0327,1.0,0.0397,0.0,1.1665,0.0,0.4633,0.5363,1.4961,0.4495,5.5852,5.5852,0.01055646534661596,0.0,0.0,18236.54442716825,0.0,0.5,Chloroplast,0.16490000000000005,0.0,0.1646365814696486,,,
psaC_hyphy_NT.fas,BUSTEDS,42,81,0.0,0.6331,0.0,0.3528,2.0827,0.014,0.2729,0.3953,1.0114,0.5904,20.6257,20.6257,,,,2504.913323986551,0.828489,0.33042,Chloroplast,,,,,7.641587281116244,0.021910405006075797
psaC_hyphy_NT.fas,BUSTEDS-MH,42,81,0.0,0.4328,0.0,0.5531,2.0836,0.014,0.2808,0.3929,1.047,0.5947,21.4892,21.4892,0.0,0.0,0.0,2512.554911267667,0.835983,0.329184,Chloroplast,0.0009000000000001229,0.0,0.00043213136793591154,0.0,,
psaI_hyphy_NT.fas,BUSTEDS,42,37,0.2097,0.8492,0.2179,0.1508,1.0023,0.0,0.5425,0.4766,0.5488,0.3366,2.9798,2.9798,,,,1168.586994372853,0.0,0.5,Chloroplast,,,,,6.735172047361857,0.03447275339336769
psaI_hyphy_NT.fas,BUSTEDS-MH,42,37,0.0649,0.0,0.2101,1.0,1.1225,0.0,0.5081,0.0985,0.5485,0.7138,2.975,2.975,0.0,0.0,0.3508646342801084,1175.322166420215,0.0,0.5,Chloroplast,0.12020000000000008,0.0,0.11992417439888266,,,
psaJ_hyphy_NT.fas,BUSTEDS,42,46,0.0008,0.0499,0.0192,0.9421,694.3946,0.008,0.1022,0.2128,1.2134,0.0,1.2427,1.2427,,,,1467.971541496157,21.105968,1.3e-05,Chloroplast,,,,,,
psaJ_hyphy_NT.fas,BUSTEDS-MH,42,46,0.0112,0.0194,0.0138,0.9686,13.4301,0.012,0.1891,0.2184,0.8602,0.0,1.2266,1.2266,0.0,1.830527299269926,197.7797700580623,1452.60726057216,2.185387,0.167656,Chloroplast,-680.9644999999999,0.004,-0.9806592677996055,0.5,15.364280923997057,0.0004609871165987809
psbA_hyphy_NT.fas,BUSTEDS,42,353,0.0,0.9639,0.561,0.0361,1.0016,0.0,0.3219,0.5882,1.5265,0.3789,7.0557,7.0557,,,,8538.277978247992,0.0,0.5,Chloroplast,,,,,6.095287369296784,0.047470648528676516
psbA_hyphy_NT.fas,BUSTEDS-MH,42,353,0.0,0.9491,0.3907,0.0509,1.0016,0.0,0.3212,0.5864,1.5196,0.3803,7.0151,7.0151,0.0,0.0,0.0,8544.373265617289,0.0,0.5,Chloroplast,0.0,0.0,0.0,,,
psbC_hyphy_NT.fas,BUSTEDS,42,473,0.0231,0.0019,0.0238,0.9979,25.5063,0.0002,0.0,0.1628,1.0107,0.7437,2.6573,2.6573,,,,11226.64864021137,1.651567,0.218946,Chloroplast,,,,,6.450075540400576,0.03975428002074577
psbC_hyphy_NT.fas,BUSTEDS-MH,42,473,0.0182,0.2789,0.026,0.7209,25.5425,0.0002,0.0,0.1628,1.0116,0.7446,2.6655,2.6655,0.0,0.0,0.0,11233.09871575177,1.650506,0.219062,Chloroplast,0.0362000000000009,0.0,0.001419257203122401,0.0,,
psbD_hyphy_NT.fas,BUSTEDS,42,353,0.0094,0.2285,0.0144,0.7715,1.0016,0.0,0.4709,0.6683,1.7439,0.3205,11.2981,11.2981,,,,7561.834526633018,0.0,0.5,Chloroplast,,,,,4.00250277874602,0.13516603202304903
psbD_hyphy_NT.fas,BUSTEDS-MH,42,353,0.0117,0.2273,0.0136,0.7727,1.0023,0.0,0.4709,0.6677,1.7412,0.3211,11.298,11.298,0.02594308968546992,0.0,0.0,7565.837029411764,0.0,0.5,Chloroplast,0.0006999999999999229,0.0,0.0006988817891373032,,,
psbE_hyphy_NT.fas,BUSTEDS,42,83,0.0,0.1121,0.0,0.8675,1.0,0.0204,0.0,0.1719,1.0105,0.8153,13.8176,13.8176,,,,2026.458628502475,0.0,0.5,Chloroplast,,,,,6.323860507437985,0.04234392762177847
psbE_hyphy_NT.fas,BUSTEDS-MH,42,83,0.0,0.9557,0.0,0.0239,1.0,0.0204,0.0,0.1718,1.0094,0.8154,13.8344,13.8344,0.0,0.0,0.0,2032.782489009913,0.0,0.5,Chloroplast,0.0,0.0,0.0,0.0,,
psbF_hyphy_NT.fas,BUSTEDS,42,39,0.044,1.0,0.1038,0.0,1.0016,0.0,1.0,1.0,1.0295,0.0,2.7805,2.7805,,,,863.201065035069,0.0,0.5,Chloroplast,,,,,6.648891109812439,0.03599246907012996
psbF_hyphy_NT.fas,BUSTEDS-MH,42,39,0.0309,0.5804,0.0617,0.4196,1.1272,0.0,0.2221,0.0,1.0,0.9973,1.0001,1.0001,0.0,0.0,0.003086458644909937,869.8499561448814,0.0,0.5,Chloroplast,0.12559999999999993,0.0,0.12539936102236415,,,
psbH_hyphy_NT.fas,BUSTEDS,42,81,0.1087,0.0037,0.1097,0.9954,78.7986,0.0009,0.8947,0.9667,1.0857,0.0,4.0517,4.0517,,,,2458.428232175397,6.340456,0.020997,Chloroplast,,,,,5.166156035406857,0.07554112887777176
psbH_hyphy_NT.fas,BUSTEDS-MH,42,81,0.1111,0.8577,0.1177,0.1423,1.0016,0.0,0.8878,0.9615,3.793,0.0034,3.7982,3.7982,0.1253205677430681,0.0,0.0,2463.594388210804,0.0,0.5,Chloroplast,-77.797,-0.0009,-0.9872891142736039,-1.0,,
psbI_hyphy_NT.fas,BUSTEDS,42,49,0.0004,0.0,0.026,1.0,1.0023,0.0,0.986,0.0,1.0,1.0,1.0005,1.0005,,,,1166.639965215471,0.0,0.5,Chloroplast,,,,,6.526912449874999,0.03825594809921676
psbI_hyphy_NT.fas,BUSTEDS-MH,42,49,0.0004,0.0,0.026,1.0,1.0016,0.0,0.9875,0.0,1.0,1.0,3.451,3.451,0.0,0.0,0.0,1173.166877665346,0.0,0.5,Chloroplast,-0.0006999999999999229,0.0,-0.0006983936945025671,,,
psbJ_hyphy_NT.fas,BUSTEDS,42,40,0.0654,0.0,0.2146,1.0,1.0023,0.0,0.6983,0.8731,2.9305,0.0,3.0751,3.0751,,,,949.0406375710866,0.0,0.5,Chloroplast,,,,,6.645720029978065,0.036049581831875704
psbJ_hyphy_NT.fas,BUSTEDS-MH,42,40,0.2148,0.957,0.2191,0.043,1.0023,0.0,0.6985,0.8732,0.6989,0.0,3.076,3.076,0.0,0.0,0.0,955.6863576010646,0.0,0.5,Chloroplast,0.0,0.0,0.0,,,
psbK_hyphy_NT.fas,BUSTEDS,42,63,0.2396,0.0,0.3425,1.0,1.0016,0.0,0.0,0.1493,0.6269,0.5986,2.4785,2.4785,,,,2356.940958696965,0.0,0.5,Chloroplast,,,,,6.424431654399086,0.04026728899079521
psbK_hyphy_NT.fas,BUSTEDS-MH,42,63,0.1929,0.0,0.3425,1.0,1.0016,0.0,0.0,0.1494,0.6272,0.5987,2.4797,2.4797,0.0,0.0,0.0,2363.365390351364,0.0,0.5,Chloroplast,0.0,0.0,0.0,,,
psbL_hyphy_NT.fas,BUSTEDS,42,38,0.0265,0.6825,0.0362,0.3175,1.0016,0.0,0.2723,0.2432,1.2255,0.0,1.2339,1.2339,,,,792.216370671169,0.0,0.5,Chloroplast,,,,,6.655337734955538,0.03587664086763116
psbL_hyphy_NT.fas,BUSTEDS-MH,42,38,0.027,0.8263,0.0435,0.1737,1.1237,0.0,0.2723,0.2436,1.218,0.0,1.2343,1.2343,0.0,0.0,0.0,798.8717084061245,0.0,0.5,Chloroplast,0.12209999999999988,0.0,0.12190495207667719,,,
psbM_hyphy_NT.fas,BUSTEDS,42,34,0.004,0.0,0.0296,1.0,1.0023,0.0,0.0,0.3493,1.5369,0.6507,1.6732,1.6732,,,,896.0064594253787,0.0,0.5,Chloroplast,,,,,6.292094143267832,0.04302185349246876
psbM_hyphy_NT.fas,BUSTEDS-MH,42,34,0.0117,0.4667,0.0403,0.5333,1.1093,0.0,0.0,0.344,0.1265,0.0,1.5243,1.5243,0.4459384930196547,0.0,0.0,902.2985535686465,0.0,0.5,Chloroplast,0.10699999999999998,0.0,0.10675446473111841,,,
psbN_hyphy_NT.fas,BUSTEDS,42,43,0.0,0.9934,0.0625,0.0,78.2098,0.0066,0.7123,0.8104,0.7124,0.0745,3.2121,3.2121,,,,1154.520282665308,3.289231,0.096543,Chloroplast,,,,,5.469405895325963,0.06491328688374803
psbN_hyphy_NT.fas,BUSTEDS-MH,42,43,0.0,0.9882,0.0,0.0056,84.1802,0.0062,0.7108,0.0515,0.7109,0.8328,3.2089,3.2089,0.0,0.0,0.0,1159.989688560634,3.285458,0.096726,Chloroplast,5.970399999999998,-0.0004000000000000002,0.07633825939971714,-0.060606060606060635,,
psbT_hyphy_NT.fas,BUSTEDS,42,35,0.0958,1.0,0.1815,0.0,1.1491,0.0,0.6787,0.971,11.4782,0.0,11.7455,11.7455,,,,1037.025551997957,0.0,0.5,Chloroplast,,,,,4.990457730255002,0.082477572991265
psbT_hyphy_NT.fas,BUSTEDS-MH,42,35,0.0964,1.0,0.1012,0.0,1.1312,0.0,0.2462,0.3834,0.9607,0.5877,11.8066,11.8066,0.003146651128151176,0.0,0.0,1042.016009728212,0.0,0.5,Chloroplast,-0.017900000000000027,0.0,-0.015577408406579086,,,
psbZ_hyphy_NT.fas,BUSTEDS,42,62,0.0168,0.0775,0.0182,0.8871,3.306,0.0354,0.0,0.0824,0.9674,0.8978,6.6324,6.6324,,,,1787.884686246939,1.145701,0.281958,Chloroplast,,,,,7.433711151903026,0.024310289648145546
psbZ_hyphy_NT.fas,BUSTEDS-MH,42,62,0.018,0.9323,0.0183,0.0324,3.3192,0.0353,0.0,0.0825,0.9673,0.8977,6.6409,6.6409,0.0,0.0,0.0,1795.318397398842,1.142472,0.282413,Chloroplast,0.013199999999999878,-0.00010000000000000286,0.003992740471869292,-0.0028248587570622275,,
rbcL_hyphy_NT.fas,BUSTEDS,42,488,0.0,0.3049,0.0681,0.6802,2.441,0.0149,0.3879,0.5798,1.5088,0.3862,5.652,5.652,,,,13471.42691943345,0.920443,0.315572,Chloroplast,,,,,5.421848272579155,0.06647534604073276
rbcL_hyphy_NT.fas,BUSTEDS-MH,42,488,0.0413,0.9425,0.4611,0.0503,1.0,0.0072,0.4003,0.5828,1.4665,0.3783,5.4476,5.4476,0.15857476388315,0.0,0.0,13476.84876770603,0.0,0.5,Chloroplast,-1.4409999999999998,-0.0077,-0.5903318312167144,-0.5167785234899329,,
rpl14_hyphy_NT.fas,BUSTEDS,42,122,0.0889,0.0159,0.0908,0.9798,1.3236,0.0044,0.2282,0.1582,1.0533,0.8179,4.2784,4.2784,,,,4347.692697277296,0.008301,0.497929,Chloroplast,,,,,8.286719127505421,0.015869447427188054
rpl14_hyphy_NT.fas,BUSTEDS-MH,42,122,0.0912,0.9969,1.0,0.0002,1.6246,0.003,0.2284,0.1582,1.0527,0.8178,4.2844,4.2844,0.0,0.0,0.0,4355.979416404802,0.01071,0.49733,Chloroplast,0.30099999999999993,-0.0014000000000000002,0.22741009368389234,-0.31818181818181823,,
rpl16_hyphy_NT.fas,BUSTEDS,42,140,0.0,0.3792,0.0,0.5188,1.2563,0.102,0.3975,0.6094,1.5277,0.3702,9.3988,9.3988,,,,5547.035619129453,0.6056,0.369373,Chloroplast,,,,,,
rpl16_hyphy_NT.fas,BUSTEDS-MH,42,140,0.0678,0.9739,0.0696,0.0204,13.4461,0.0056,0.4234,0.5872,1.5576,0.3859,5.5713,5.5713,0.06686033712069935,0.2280303282780853,0.0,5536.356072066141,4.218861,0.060654,Chloroplast,12.1898,-0.0964,9.702937196529492,-0.9450980392156864,10.679547063312384,0.0047969569461876775
rpl20_hyphy_NT.fas,BUSTEDS,42,138,0.0,0.0011,0.0112,0.6855,1.0,0.3134,0.3731,0.569,1.0249,0.3283,4.3938,4.3938,,,,5514.278172310056,0.0,0.5,Chloroplast,,,,,2.3693977465709395,0.30583826170473466
rpl20_hyphy_NT.fas,BUSTEDS-MH,42,138,0.0,0.6086,0.7361,0.3914,1.0016,0.0,0.3998,0.6137,1.2693,0.32,5.2573,5.2573,0.0,0.3186872537392638,0.0,5516.647570056627,0.0,0.5,Chloroplast,0.0016000000000000458,-0.3134,0.0016000000000000458,-1.0,,
rpl22_hyphy_NT.fas,BUSTEDS,37,199,0.0766,0.745,0.9899,0.25,26.9525,0.005,0.1193,0.2234,0.7927,0.7371,9.8524,9.8524,,,,8952.695762726627,10.772726,0.002289,Chloroplast,,,,,,
rpl22_hyphy_NT.fas,BUSTEDS-MH,37,199,0.0762,0.7418,0.9744,0.2529,25.7383,0.0053,0.1202,0.2245,0.7942,0.736,9.8282,9.8282,0.0,0.0,0.0,8950.12236994935,5.431404,0.033079,Chloroplast,-1.2142000000000017,0.0002999999999999999,-0.04504962433911517,0.059999999999999984,2.573392777278059,0.2761816745633772
rpl23_hyphy_NT.fas,BUSTEDS,42,97,0.0,0.4389,0.0,0.4553,5.1151,0.1057,0.0,0.1787,1.0022,0.7973,8.3463,8.3463,,,,1698.963825534531,1.736211,0.209873,Chloroplast,,,,,6.611538579918943,0.036670990357842145
rpl23_hyphy_NT.fas,BUSTEDS-MH,42,97,0.0,0.8002,0.0,0.0885,4.8162,0.1112,0.0,0.1829,1.0154,0.7939,8.3582,8.3582,0.0,0.0,0.0,1705.57536411445,1.729392,0.21059,Chloroplast,-0.2988999999999997,0.005499999999999991,-0.05843483020859802,0.05203405865657513,,
rpl2_hyphy_NT.fas,BUSTEDS,42,275,0.1483,0.0632,0.1558,0.9089,1.5265,0.0279,0.0,0.2128,1.0614,0.7623,7.6613,7.6613,,,,4380.286429980137,0.040034,0.490091,Chloroplast,,,,,8.08389994206027,0.01756319128867405
rpl2_hyphy_NT.fas,BUSTEDS-MH,42,275,0.1531,0.9321,0.1544,0.0351,1.3875,0.0327,0.0,0.2125,1.0609,0.7626,7.6428,7.6428,0.0,0.0,0.0,4388.370329922197,0.032717,0.491887,Chloroplast,-0.139,0.004799999999999999,-0.09105797576154603,0.17204301075268813,,
rpl32_hyphy_NT.fas,BUSTEDS,42,77,0.0,0.1048,0.0911,0.7602,1.0,0.1349,0.0,0.1172,0.6258,0.6494,2.5428,2.5428,,,,3492.108874848883,0.0,0.5,Chloroplast,,,,,4.669691124048313,0.09682543489599914
rpl32_hyphy_NT.fas,BUSTEDS-MH,42,77,0.0,0.5644,0.4244,0.4356,1.0016,0.0,0.0,0.1155,0.6194,0.6458,2.5133,2.5133,0.06320545677729858,0.0,0.0,3496.778565972931,0.0,0.5,Chloroplast,0.0016000000000000458,-0.1349,0.0016000000000000458,-1.0,,
rpl33_hyphy_NT.fas,BUSTEDS,42,73,0.0,0.0454,0.2056,0.9383,6.9347,0.0163,0.4325,0.545,1.2445,0.1983,2.0163,2.0163,,,,2917.830775616478,2.128727,0.172474,Chloroplast,,,,,5.786796663077894,0.05538766676744865
rpl33_hyphy_NT.fas,BUSTEDS-MH,42,73,0.1673,0.0237,0.188,0.912,1.0,0.0643,0.4811,0.5957,1.3818,0.1081,1.9042,1.9042,0.1618590116345664,0.0,0.0,2923.617572279556,0.0,0.5,Chloroplast,-5.9347,0.048,-0.8557976552698747,2.94478527607362,,
rpl36_hyphy_NT.fas,BUSTEDS,42,37,0.0772,0.0585,0.0905,0.9415,1.1493,0.0,0.9326,0.0,0.9422,0.9041,1.5451,1.5451,,,,1075.211257425298,0.0,0.5,Chloroplast,,,,,8.946791911890841,0.011408507203708262
rpl36_hyphy_NT.fas,BUSTEDS-MH,42,37,0.0769,0.1702,0.0924,0.8298,1.1344,0.0,1.0,1.0,6.8598,0.0,9.324,9.324,0.0,0.0,0.6520268445850325,1084.158049337189,0.0,0.5,Chloroplast,-0.014899999999999913,0.0,-0.012964413121030118,,,
rpl5_hyphy_NT.fas,BUSTEDS,38,187,0.175,0.9007,0.2205,0.0629,11.1824,0.0364,0.5074,0.8358,3.5038,0.0541,3.5088,3.5088,,,,4146.760194243067,15.251165,0.000244,Mitochondrial,,,,,,
rpl5_hyphy_NT.fas,BUSTEDS-MH,38,187,0.1489,0.063,0.1803,0.8975,9.6539,0.0394,0.5167,0.2299,0.5183,0.6065,3.4649,3.4649,0.03518906082423916,0.0,0.0,4136.899962633367,5.342836,0.034577,Mitochondrial,-1.5284999999999993,0.0029999999999999957,-0.13668800972957498,0.08241758241758229,9.86023160970035,0.007225666465701265
rpoA_hyphy_NT.fas,BUSTEDS,42,374,0.275,0.9882,0.2751,0.0089,24.1987,0.0029,0.3482,0.4902,1.3111,0.4327,3.3979,3.3979,,,,15348.55125001648,17.65407,7.3e-05,Chloroplast,,,,,,
rpoA_hyphy_NT.fas,BUSTEDS-MH,42,374,0.2751,0.9882,0.2768,0.009,20.4127,0.0028,0.3504,0.4907,1.309,0.4317,3.3894,3.3894,0.007409158698854278,0.0,15.90259888772772,15335.32476857677,10.172097,0.003091,Chloroplast,-3.785999999999998,-9.999999999999983e-05,-0.15645468558228326,-0.0344827586206896,13.226481439711279,0.0013424745084836588
rpoB_hyphy_NT.fas,BUSTEDS,42,1087,0.122,0.9496,0.2718,0.0501,46.6973,0.0003,0.2577,0.2234,0.9694,0.6893,3.1399,3.1399,,,,33090.28147659727,6.416803,0.020211,Chloroplast,,,,,0.6273791124476702,0.7307458484507392
rpoB_hyphy_NT.fas,BUSTEDS-MH,42,1087,0.0851,0.0709,0.1329,0.9288,37.0757,0.0003,0.2575,0.2235,0.9698,0.6889,3.1327,3.1327,0.0,0.01842320720420056,0.0,33090.90885570972,5.624564,0.030034,Chloroplast,-9.6216,0.0,-0.20604189107293144,0.0,,
rpoC1_hyphy_NT.fas,BUSTEDS,42,710,0.1367,0.911,0.454,0.0886,72.0493,0.0004,0.0173,0.0923,0.8377,0.8157,3.4225,3.4225,,,,23269.12149876509,14.941368,0.000285,Chloroplast,,,,,,
rpoC1_hyphy_NT.fas,BUSTEDS-MH,42,710,0.1598,0.9946,1.0,0.0049,66.2576,0.0004,0.0197,0.0935,0.8391,0.8148,3.427,3.427,0.0,0.0,0.0,23262.17893050492,14.811095,0.000304,Chloroplast,-5.791700000000006,0.0,-0.0803852362201993,0.0,6.942568260168628,0.031077097990713533
rpoC2_hyphy_NT.fas,BUSTEDS,42,1445,0.0008,0.4369,0.5644,0.5627,156.4389,0.0004,0.4879,0.5965,1.6273,0.3869,4.7694,4.7694,,,,60974.72508085878,30.510088,0.0,Chloroplast,,,,,,
rpoC2_hyphy_NT.fas,BUSTEDS-MH,42,1445,0.1411,0.5273,0.2673,0.3245,1.0812,0.1482,0.4879,0.5911,1.6092,0.3916,4.6959,4.6959,0.01253548742162435,0.03545833011705481,0.0,60961.57069400108,-0.03343,0.5,Chloroplast,-155.3577,0.1478,-0.9930886755148496,369.49999999999994,13.154386857699137,0.001391749863679609
rps10_hyphy_NT.fas,BUSTEDS,37,175,0.0,0.417,1.0,0.515,66.9908,0.0681,0.0,0.2705,0.1712,0.4122,2.9292,2.9292,,,,6115.688014625405,129.117887,0.0,Mitochondrial,,,,,,
rps10_hyphy_NT.fas,BUSTEDS-MH,37,175,0.0,0.1588,0.7417,0.1966,1.0031,0.6447,0.0582,0.4113,0.5752,0.3163,2.9154,2.9154,0.3342045991234172,0.683543607748916,0.0,5970.188192252066,-0.001386,0.5,Mitochondrial,-65.98769999999999,0.5766,-0.9850263021190969,8.466960352422909,145.49982237333916,2.541645711510784e-32
rps11_hyphy_NT.fas,BUSTEDS,42,138,0.1326,1.0,0.1411,0.0,1.2645,0.0,0.2164,0.2872,1.0758,0.6506,3.8245,3.8245,,,,5532.405310082844,0.0,0.5,Chloroplast,,,,,6.170804041714291,0.04571165316775885
rps11_hyphy_NT.fas,BUSTEDS-MH,42,138,0.1324,0.9757,0.1376,0.0243,1.1303,0.0,0.2143,0.2851,1.0745,0.6529,3.83,3.83,0.0,0.0,0.0,5538.576114124558,0.0,0.5,Chloroplast,-0.13419999999999987,0.0,-0.10612890470541707,,,
rps12_hyphy_NT.fas,BUSTEDS,38,172,0.1621,0.9988,1.0,0.0003,64715.9073,0.0009,0.0103,0.7774,0.0525,0.1311,10.7571,10.7571,,,,3294.270563480151,22.43131,7e-06,Mitochondrial,,,,,,
rps12_hyphy_NT.fas,BUSTEDS,42,123,0.0,0.0528,0.0,0.9035,3.3523,0.0438,0.1001,0.7209,0.1002,0.0099,3.4426,3.4426,,,,2207.120778120342,1.97202,0.186531,Chloroplast,,,,,6.294622388704738,0.0429675029501943
rps12_hyphy_NT.fas,BUSTEDS-MH,38,172,0.169,1.0,0.2148,0.0,1.0023,0.0,0.0082,0.6566,0.0432,0.2599,11.7694,11.7694,0.0,0.5742132365170418,0.0,3279.749003764478,0.0,0.5,Mitochondrial,-64714.905,-0.0009,-0.9999845123086144,-1.0,14.521559715672993,0.0007025599250469481
rps12_hyphy_NT.fas,BUSTEDS-MH,42,123,0.0,0.7401,0.0,0.2156,3.3042,0.0443,0.1001,0.7307,3.4414,0.2693,3.5723,3.5723,0.0,0.0,0.0,2213.415400509047,1.970339,0.186688,Chloroplast,-0.048100000000000254,0.0005000000000000004,-0.014348357843868464,0.011415525114155261,,
rps13_hyphy_NT.fas,BUSTEDS,37,132,0.2336,0.0671,0.2354,0.9302,399.1444,0.0027,0.2309,0.7134,2.5482,0.1683,3.4358,3.4358,,,,2961.793809311188,14.539472,0.000348,Mitochondrial,,,,,,
rps13_hyphy_NT.fas,BUSTEDS-MH,37,132,0.2404,1.0,0.2463,0.0,1.9676,0.0,0.2251,0.6305,1.4589,0.1397,2.8469,2.8469,0.06369615446470368,0.02676235017014188,0.0,2956.440290874182,0.0,0.5,Mitochondrial,-397.1768,-0.0027,-0.9950704557047525,-1.0,5.353518437005732,0.06878571279281695
rps14_hyphy_NT.fas,BUSTEDS,35,119,0.0577,0.1624,0.0578,0.7918,44.2496,0.0458,0.0314,0.57,1.1004,0.3897,13.7238,13.7238,,,,1967.879993577353,20.352712,1.9e-05,Mitochondrial,,,,,,
rps14_hyphy_NT.fas,BUSTEDS,42,102,0.1204,0.1056,0.2086,0.8181,1.0124,0.0762,0.6444,0.6096,1.2534,0.3365,3.4412,3.4412,,,,3695.347724604089,-0.000182,0.5,Chloroplast,,,,,8.429378956320306,0.014776909607896967
rps14_hyphy_NT.fas,BUSTEDS-MH,35,119,0.0575,0.7576,0.0579,0.1962,43.164,0.0463,0.0322,0.5728,1.1089,0.387,13.7105,13.7105,0.0,0.0,0.0,1955.863723864043,6.868905,0.016122,Mitochondrial,-1.0855999999999995,0.0005000000000000004,-0.024533555105582864,0.0109170305676856,12.016269713309839,0.0024586696778984675
rps14_hyphy_NT.fas,BUSTEDS-MH,42,102,0.1591,0.1754,0.1892,0.7302,1.0056,0.0945,0.7339,0.8208,1.9703,0.1672,5.687,5.687,0.0,0.0,0.0,3703.777103560409,-0.000551,0.5,Chloroplast,-0.006799999999999917,0.018299999999999997,-0.0067167127617541655,0.24015748031496056,,
rps15_hyphy_NT.fas,BUSTEDS,40,97,0.3189,0.9827,0.3213,0.0127,254.7474,0.0046,0.5811,0.6941,1.9508,0.3059,8.0556,8.0556,,,,5321.381540573785,29.583631,0.0,Chloroplast,,,,,,
rps15_hyphy_NT.fas,BUSTEDS-MH,40,97,0.3227,0.9952,0.3379,0.001,162.3862,0.0038,0.5491,0.5507,0.7967,0.1563,1.9562,1.9562,0.0,0.1912831075357368,0.0,5298.390781176955,11.57572,0.001532,Chloroplast,-92.3612,-0.0007999999999999999,-0.36255993191687136,-0.17391304347826086,22.99075939683007,1.0177005977355275e-05
rps16_hyphy_NT.fas,BUSTEDS,42,91,0.2889,0.9682,0.2896,0.0201,6.7076,0.0117,0.0,0.1373,0.6236,0.5984,2.3717,2.3717,,,,3994.963040798298,1.866804,0.196607,Chloroplast,,,,,,
rps16_hyphy_NT.fas,BUSTEDS-MH,42,91,0.1676,0.0,0.306,1.0,1.0629,0.0,0.0,0.1323,0.6273,0.5916,2.2782,2.2782,0.01677830863403983,0.3417514538094039,38.96536413162909,3992.552894905522,0.0,0.5,Chloroplast,-5.6447,-0.0117,-0.8415379569443616,-1.0,2.4101458927761996,0.2996701388616769
rps18_hyphy_NT.fas,BUSTEDS,42,138,0.225,0.901,0.2435,0.0486,2.3732,0.0505,0.2893,0.6394,1.6985,0.3083,5.5746,5.5746,,,,3796.256944402224,0.460197,0.397228,Chloroplast,,,,,7.764944662798371,0.020599832559501274
rps18_hyphy_NT.fas,BUSTEDS-MH,42,138,0.2269,0.9026,0.2282,0.0362,1.8781,0.0612,0.2933,0.6393,1.7074,0.31,5.5879,5.5879,0.0,0.05795188095164598,0.0,3804.021889065022,0.167924,0.459733,Chloroplast,-0.4951000000000001,0.010699999999999994,-0.20862127085791338,0.21188118811881176,,
rps19_hyphy_NT.fas,BUSTEDS,42,92,0.0486,0.5249,0.1179,0.4372,1.0,0.0379,0.4174,0.4793,1.2597,0.45,3.2995,3.2995,,,,3896.050123319327,0.0,0.5,Chloroplast,,,,,3.1006292057359133,0.21218121050797561
rps19_hyphy_NT.fas,BUSTEDS-MH,42,92,0.0952,0.4003,0.1072,0.5997,1.0016,0.0,0.4293,0.5103,1.4214,0.47,5.738,5.738,0.08591110762742812,0.210951801461979,0.0,3899.150752525063,0.0,0.5,Chloroplast,0.0016000000000000458,-0.0379,0.0016000000000000458,-1.0,,
rps2_hyphy_NT.fas,BUSTEDS,42,240,0.1786,0.9369,0.18,0.0631,1.077,0.0,0.5994,0.7349,1.9173,0.2426,4.1914,4.1914,,,,8393.167159049432,0.0,0.5,Chloroplast,,,,,6.162270716293278,0.04590710604300396
rps2_hyphy_NT.fas,BUSTEDS-MH,42,240,0.1744,0.6408,0.1863,0.3592,1.1308,0.0,0.5991,0.7345,1.9142,0.2427,4.1777,4.1777,0.0,0.0,0.0,8399.329429765725,0.0,0.5,Chloroplast,0.05380000000000007,0.0,0.04995357474466116,,,
rps3_hyphy_NT.fas,BUSTEDS,38,732,0.0,0.0199,0.4033,0.969,112.1718,0.0111,0.1103,0.6285,0.9093,0.329,14.8425,14.8425,,,,19586.80773806242,254.215066,0.0,Mitochondrial,,,,,,
rps3_hyphy_NT.fas,BUSTEDS,42,228,0.1417,0.0148,0.1438,0.9807,4.3258,0.0045,0.0235,0.1275,0.7901,0.6643,2.2679,2.2679,,,,9844.358835404702,2.27741,0.160117,Chloroplast,,,,,4.723007348089595,0.09427835264764013
rps3_hyphy_NT.fas,BUSTEDS-MH,38,732,0.0,0.4949,0.0,0.096,1.3046,0.4091,0.215,0.7321,1.2266,0.2147,10.8883,10.8883,0.145754563238774,0.5360058661970226,0.0,19239.72230324875,1.210603,0.272955,Mitochondrial,-110.86720000000001,0.398,-0.9883696258774488,35.85585585585586,347.0854348136709,4.279129755271099e-76
rps3_hyphy_NT.fas,BUSTEDS-MH,42,228,0.145,0.0007,0.145,0.995,3.694,0.0043,0.0233,0.1272,0.7913,0.6656,2.27,2.27,0.0,0.0,6.377558473096535,9849.081842752792,1.610868,0.223447,Chloroplast,-0.6318000000000001,-0.00019999999999999966,-0.14605390910351845,-0.04444444444444437,,
rps4_hyphy_NT.fas,BUSTEDS,38,373,0.3497,0.0638,0.3518,0.9209,32.0917,0.0153,0.3577,0.6447,1.9529,0.3493,14.4904,14.4904,,,,9875.65087240956,93.177094,0.0,Mitochondrial,,,,,,
rps4_hyphy_NT.fas,BUSTEDS,42,201,0.1381,0.0,0.1883,1.0,1.0016,0.0,0.0689,0.0828,0.7728,0.7463,2.4425,2.4425,,,,6656.191648857191,0.0,0.5,Chloroplast,,,,,7.670781403304318,0.021592900440030188
rps4_hyphy_NT.fas,BUSTEDS-MH,38,373,0.0,0.3863,0.0,0.1328,1.0681,0.4809,0.181,0.3389,1.052,0.5683,3.6738,3.6738,0.08535508883778577,0.1187836910402911,0.0,9796.768422561705,0.041621,0.489702,Mitochondrial,-31.023600000000002,0.4656,-0.9667172508779528,30.43137254901961,78.88244984785524,7.428372200219128e-18
rps4_hyphy_NT.fas,BUSTEDS-MH,42,201,0.1493,0.0,0.1855,1.0,1.0016,0.0,0.6776,0.8051,2.3295,0.0521,2.3331,2.3331,0.007997746439642602,0.0,0.0,6663.862430260495,0.0,0.5,Chloroplast,0.0,0.0,0.0,,,
rps7_hyphy_NT.fas,BUSTEDS,42,155,0.0,0.1245,0.0,0.616,1.0109,0.2595,0.0,0.5087,0.285,0.0,2.0355,2.0355,,,,2220.782001201599,0.000456,0.499886,Chloroplast,,,,,8.211291578883902,0.016479373196090323
rps7_hyphy_NT.fas,BUSTEDS-MH,42,155,0.0,0.6881,0.0001,0.0621,1.0486,0.2498,0.0,0.5076,0.0,0.0003,2.0322,2.0322,0.0,0.0,0.0,2228.993292780483,0.000621,0.499845,Chloroplast,0.03770000000000007,-0.009700000000000014,0.03729350084083497,-0.03737957610789986,,
rps8_hyphy_NT.fas,BUSTEDS,42,134,0.0,0.0646,0.1752,0.908,3.4059,0.0274,0.3906,0.3668,1.2438,0.6256,10.2787,10.2787,,,,5570.11865966871,1.036782,0.297739,Chloroplast,,,,,7.258560016061892,0.026535282723209968
rps8_hyphy_NT.fas,BUSTEDS-MH,42,134,0.0,0.0235,0.1662,0.9481,3.3634,0.0284,0.3911,0.3673,1.2453,0.6251,10.1898,10.1898,0.0,0.0,0.0,5577.377219684772,1.051394,0.295572,Chloroplast,-0.04249999999999998,0.0010000000000000009,-0.012478346398896029,0.036496350364963535,,
sdh3_hyphy_NT.fas,BUSTEDS,37,173,0.0528,0.5169,0.692,0.4665,52.7365,0.0166,0.1225,0.6251,0.8114,0.2972,8.776,8.776,,,,3440.809356240104,32.872421,0.0,Mitochondrial,,,,,,
sdh3_hyphy_NT.fas,BUSTEDS-MH,37,173,0.0516,0.1998,0.0516,0.4258,1.264,0.3744,0.2139,0.6611,1.2107,0.2918,10.729,10.729,0.1440059196765859,1.462428613860198,0.0,3407.787413108142,0.148822,0.464145,Mitochondrial,-51.4725,0.3578,-0.9760317806452836,21.55421686746988,33.02194313196196,6.751125137099319e-08
sdh4_hyphy_NT.fas,BUSTEDS,37,184,0.2578,0.4147,0.2579,0.5297,379.4306,0.0555,0.0002,0.4437,0.0464,0.3219,4.2017,4.2017,,,,5660.038847726207,87.780651,0.0,Mitochondrial,,,,,,
sdh4_hyphy_NT.fas,BUSTEDS-MH,37,184,0.4927,0.861,0.4953,0.139,1.0491,0.0,0.0481,0.7235,0.8443,0.1049,5.107,5.107,0.4547939974894876,0.8372467336583987,9.10253568640909,5542.852037263338,0.0,0.5,Mitochondrial,-378.3815,-0.0555,-0.9972350674932385,-1.0,117.18681046286838,3.574435231312474e-26
ycf1_hyphy_NT.fas,BUSTEDS,38,2208,0.0866,0.4131,1.0,0.581,109.3119,0.0059,0.138,0.1875,0.6924,0.421,1.7435,1.7435,,,,133572.0585214171,419.718974,0.0,Chloroplast,,,,,,
ycf1_hyphy_NT.fas,BUSTEDS-MH,38,2208,0.1202,0.4244,1.0,0.5723,146.3995,0.0034,0.1406,0.1796,0.6758,0.4091,1.6976,1.6976,0.01544113951152458,0.1556150229703271,0.7149474555552731,133103.1628547949,93.906779,0.0,Chloroplast,37.087599999999995,-0.0025,0.33928236541492734,-0.42372881355932207,468.8956666221784,1.5156527046047049e-102
ycf2_hyphy_NT.fas,BUSTEDS,40,2449,0.0,0.2157,0.0,0.5509,3.943,0.2334,0.3637,0.9308,2.0472,0.0679,423.2951,423.2951,,,,49561.507840759,165.644743,0.0,Chloroplast,,,,,,
ycf2_hyphy_NT.fas,BUSTEDS-MH,40,2449,0.0,0.733,0.9994,0.0,3.4042,0.267,0.4059,0.9349,2.2175,0.064,436.3551,436.3551,0.01333688957773864,0.05345792156649827,0.0,49365.08264685104,100.130186,0.0,Chloroplast,-0.5388000000000002,0.03360000000000002,-0.13664722292670559,0.14395886889460163,196.42519390795496,2.2223430000569344e-43
ycf3_hyphy_NT.fas,BUSTEDS,42,169,0.0513,0.0,0.0603,1.0,1.0023,0.0,0.4819,0.596,1.656,0.3946,6.3437,6.3437,,,,4024.450459491319,0.0,0.5,Chloroplast,,,,,6.1938518001629745,0.04518790122076526
ycf3_hyphy_NT.fas,BUSTEDS-MH,42,169,0.0532,0.3875,0.0647,0.6125,1.2702,0.0,0.4849,0.5995,1.6638,0.3915,6.3988,6.3988,0.0,0.0,0.0,4030.644311291482,0.0,0.5,Chloroplast,0.2679,0.0,0.2672852439389405,,,
